[null,{"name":"help","permissions":"NONE","restriction":"1","actions":[{"channel":"0","varName":"","message":"```\n>help                      Pokazuje komendy\n>kick [@nick] [powód]     Wyrzuca gracza z serwera\n>ban [@nick] [powód]      Banuje gracza z serwera\n>mute [@nick]              Wycisza gracza\n>unmute [@nick]            Odcisza gracza\n>deleteChannel [#kanał]  Usuwa oznaczony kanał\n>deleteRole [#kanał]     Usuwa oznaczoną role\n>moneta                  Po prostu coinflip\n>clear                   Czyści chat\n```","storage":"0","varName2":"","name":"Send Message"}]},{"name":"kick","permissions":"KICK_MEMBERS","restriction":"1","actions":[{"condition":"1","comparison":"0","value":"1","iftrue":"3","iftrueVal":"2","iffalse":"0","iffalseVal":"","name":"Check Parameters"},{"channel":"0","varName":"","message":"```\nOznacz użytkownika, żeby go wyrzucić!\n>kick [@nick] [powód]\n```","storage":"0","varName2":"","name":"Send Message"},{"name":"End Action Sequence"},{"info":"1","infoIndex":"2","storage":"1","varName":"reason","name":"Store Command Params"},{"member":"0","varName":"","reason":"${tempVars(\"reason\") || \"\"}","name":"Kick Member"}]},{"name":"ban","permissions":"BAN_MEMBERS","restriction":"1","actions":[{"condition":"1","comparison":"0","value":"1","iftrue":"3","iftrueVal":"2","iffalse":"0","iffalseVal":"","name":"Check Parameters"},{"channel":"0","varName":"","message":"```\nOznacz użytkownika, żeby go zbanować!\n>ban [@nick] [powód]\n```","storage":"0","varName2":"","name":"Send Message"},{"name":"End Action Sequence"},{"info":"1","infoIndex":"2","storage":"1","varName":"reason","name":"Store Command Params"},{"member":"0","varName":"","reason":"${tempVars(\"reason\") || \"\"}","name":"Ban Member"}]},{"name":"mute","permissions":"MUTE_MEMBERS","restriction":"1","actions":[{"condition":"1","comparison":"0","value":"1","iftrue":"3","iftrueVal":"2","iffalse":"0","iffalseVal":"","name":"Check Parameters"},{"channel":"0","varName":"","message":"```\nOznacz użytkownika, żeby go wyciszyć\n>mute [@nick]\n```","storage":"0","varName2":"","name":"Send Message"},{"name":"End Action Sequence"},{"member":"0","varName":"","mute":"0","name":"Set Member Mute"}]},{"name":"unmute","permissions":"MUTE_MEMBERS","restriction":"1","actions":[{"condition":"1","comparison":"0","value":"1","iftrue":"3","iftrueVal":"2","iffalse":"0","iffalseVal":"","name":"Check Parameters"},{"channel":"0","varName":"","message":"```\nOznacz użytkownika, żeby go wyciszyć!\n>unmute [@nick]\n```","storage":"0","varName2":"","name":"Send Message"},{"name":"End Action Sequence"},{"member":"0","varName":"","mute":"1","name":"Set Member Mute"}]},{"name":"deletechannel","permissions":"MANAGE_CHANNELS","restriction":"1","actions":[{"condition":"2","comparison":"0","value":"1","iftrue":"3","iftrueVal":"2","iffalse":"0","iffalseVal":"","name":"Check Parameters"},{"channel":"0","varName":"","message":"```\nOznacz kanał, żeby go usunąć!\n>deleteChannel [#kanał]\n```","storage":"0","varName2":"","name":"Send Message"},{"name":"End Action Sequence"},{"storage":"1","varName":"","name":"Delete Channel"}]},{"name":"deleterole","permissions":"MANAGE_ROLES","restriction":"1","actions":[{"condition":"3","comparison":"0","value":"1","iftrue":"3","iftrueVal":"2","iffalse":"0","iffalseVal":"","name":"Check Parameters"},{"channel":"0","varName":"","message":"```\nOznacz rolę, żeby ją usunąć!\n>deleterole [@rola]\n```","storage":"0","varName2":"","name":"Send Message"},{"name":"End Action Sequence"},{"storage":"0","varName":"","name":"Delete Role"}]},{"name":"moneta","permissions":"NONE","restriction":"1","actions":[{"storage":"1","varName":"flip","min":"1","max":"2","name":"Generate Random Number"},{"storage":"1","varName":"flip","comparison":"1","value":"1","iftrue":"0","iftrueVal":"","iffalse":"3","iffalseVal":"2","name":"Check Variable"},{"channel":"0","varName":"","message":"**1**","storage":"0","varName2":"","name":"Send Message"},{"name":"End Action Sequence"},{"channel":"0","varName":"","message":"**2**","storage":"0","varName2":"","name":"Send Message"}]},{"name":"clear","permissions":"NONE","restriction":"1","actions":[{"info":"0","infoIndex":"1","storage":"1","varName":"clear","name":"Store Command Params"},{"channel":"0","count":"${tempVars(\"clear\")}","condition":"0","custom":"","varName":"","name":"Delete Bulk Messages"},{"channel":"0","varName":"","message":"**Czat wyczyszczony.**","storage":"0","varName2":"","name":"Send Message"}]}]