[null,{"name":"godzina refresh","permissions":"NONE","restriction":"1","_id":"YHhUQ","actions":[{"type":"3","storage":"1","varName":"godzinka","name":"Store Time Info"},{"type":"4","storage":"1","varName":"minute","name":"Store Time Info"},{"storage":"1","varName":"minute","comparison":"4","value":"10","iftrue":"3","iftrueVal":"1","iffalse":"0","iffalseVal":"1","name":"Check Variable"},{"behavior":"0","interpretation":"0","code":"var min = tempVars(\"minute\").toString();\n\nif (min < 10) {\n    var min2 = '0' + min;\n    console.log(min2);\n} else {\n    min2;\n    console.log(min2);\n};\n\nthis.storeValue(min2, 1, \"minute\", cache);","storage":"0","varName":"","name":"Run Script"},{"storage":"4","varName":"hour","toChange":"name","newState":"🕗 Godzina: ${tempVars(\"godzinka\")}:${tempVars(\"minute\")}","name":"Edit Channel"}],"event-type":"3","temp":"60"},{"name":"uzytkownik join","permissions":"NONE","restriction":"1","_id":"UoUWx","actions":[{"server":"0","varName":"","info":"18","storage":"1","varName2":"user","name":"Store Server Things"},{"storage":"4","varName":"user","toChange":"name","newState":"👪 Użytkownicy: ${tempVars(\"user\")}","name":"Edit Channel"}],"event-type":"6"},{"name":"uzytkownik left","permissions":"NONE","restriction":"1","_id":"amOXY","actions":[{"server":"0","varName":"","info":"18","storage":"1","varName2":"user","name":"Store Server Things"},{"storage":"4","varName":"user","toChange":"name","newState":"👪 Użytkownicy: ${tempVars(\"user\")}","name":"Edit Channel"}],"event-type":"7","temp":""}]